rank;status;nome;instagram;seguidores;cidade;nicho;fit_1a5;custo_previsto_brl;downloads_prev_10d;assinaturas_prev_10d;prioridade;notas;data_indicacao
1;aguardando;Fabrícia Viana;@fabricia_vianaaa;11500;Manhuaçu MG;rotina fitness;4;2000-3500;100;3-5;piloto barato;micro alcance 405k/mês;2026-06-25
2;aguardando;Dra. Rebecca Barros;@rebeccafbarros;74100;São Paulo SP;estética lifestyle;4;8000-15000;350;8-12;médio;SP jovem 18-24;2026-06-25
3;aguardando;Érica Lacerda;@ericalacerdafit;362000;cidade usuário;fitness autoestima;5;25000+;1200;25-40;caro;macro · DM insta app;2026-06-25
4;indicação nova;Jady Meireles;@jadymeireles;118000;Juiz de Fora MG;maternidade rotina;5;2500-5000;400-600;10-18;recomendada;verificada · viral 4.9M · links publi;2026-06-26
5;indicação nova;Bruna Andrade;@bruna_guizilini;9000;Alto Caparaó MG;mãe lifestyle;5;600-1500;120-180;4-8;piloto top;400k alcance/30d · 9k seguidores;2026-06-26

LEGENDA status;indicação nova = ainda não falou · aguardando = DM enviada · fechada · recusada
FIT;1-5 (5 = melhor encaixe EGO-AI)
PACOTE;10 dias Story influencer + Reels prontos EGO
